row_type,surlab_file_location,surlab_filename,fieldname_surlab,units,requirement_level,requirement_condition,nwb_location,nwb_fieldname,nwb_alt_fieldnames,nwb_keyword,nwb_type,mapping_rationale,stage,notes
metadata_field,dataset_dir,sessionInfo_<datasetID>.csv,institution,plain text (institution name),required,always,NWBFile,institution,,,str,DANDI/NWB core provenance: institution on NWBFile.,1,Mirror file session_dir/sessionInfo_single_session.csv same columns.
metadata_field,dataset_dir,sessionInfo_<datasetID>.csv,lab,plain text (laboratory name),required,always,NWBFile,lab,,,str,NWB core lab string.,1,
metadata_field,dataset_dir,sessionInfo_<datasetID>.csv,experimenter,plain text (full name),required,always,NWBFile,experimenter,,,str_or_array_of_str,NWB experimenter; use string or length-1 array per PyNWB.,1,
metadata_field,dataset_dir,sessionInfo_<datasetID>.csv,animal_ID,plain text (subject identifier),required,always,NWBFile/general/subject,subject_id,,,str,Subject.subject_id standard for subject key.,1,
metadata_field,dataset_dir,sessionInfo_<datasetID>.csv,session_ID,plain text (session identifier),required,always,NWBFile,session_id,,,str,NWBFile.session_id where schema provides it; ties to session record.,1,Unique within dataset as pair (animal_ID session_ID); may repeat across different animal_ID.
metadata_field,session_dir,(session_file_naming),N/A,na,na,always,NWBFile,N/A,,,N/A,Canonical minimal filenames inside session_dir; optional verbose alias per documentation.,1,Minimal: <datatypeID>_role.ext and trialInfo.csv. Verbose alias embeds _<datasetID>_<animal_ID>_<session_ID> before extension; parsers accept either in session_dir.
metadata_field,dataset_dir,sessionInfo_<datasetID>.csv,session_date,calendar date YYYY-MM-DD,required,always,NWBFile,session_start_time,,,datetime,Build datetime for session_start_time; default time T00:00:00 if no clock; document timezone.,1,
metadata_field,dataset_dir,sessionInfo_<datasetID>.csv,species,Latin binomial e.g. Mus musculus,required,always,NWBFile/general/subject,species,,,str,Subject.species.,1,
metadata_field,dataset_dir,sessionInfo_<datasetID>.csv,sex,single letter M F O U,required,always,NWBFile/general/subject,sex,,,str,Subject.sex M F O U.,1,
metadata_field,dataset_dir,sessionInfo_<datasetID>.csv,age__days,numeric age in days,required,always,NWBFile/general/subject,age,,,str,Subject.age expects ISO-8601 duration; convert days to P{n}D.,1,
metadata_field,dataset_dir,sessionInfo_<datasetID>.csv,strain,plain text genetic background,required,always,NWBFile/general/subject,strain,,,str,Subject.strain.,1,
metadata_field,dataset_dir,sessionInfo_<datasetID>.csv,(session_metadata_provenance),N/A,na,always,NWBFile,N/A,,,N/A,Required sessionInfo columns must appear in sessionInfo CSV at export time; ingest may fill from dataset_config or sidecar before write.,1,Raw acquisition folders may lack these fields; converter merges defaults then writes sessionInfo. Not a SurLab column header.
metadata_field,dataset_dir,sessionInfo_<datasetID>.csv,zero_time,datatype ID of stream aligned to t=0,optional,always,NWBFile,notes,,,str,Provenance only: names which stream was aligned to session origin (t=0). Not a special value and not required for correctness; converter can infer the anchor as the stream whose first timestamp is 0. NWB has no zero_time field; if present write stream ID to NWBFile.notes (LabMetaData when nwb_path enabled). If column absent skip it.,1,Value e.g. GCaMP7f_traces. All SurLab times share one origin; other streams/trials may begin negative or positive relative to it.
metadata_field,dataset_dir,sessionInfo_<datasetID>.csv,area,plain text comma-separated regions,optional,always,NWBFile/general/subject,description,,,str,Session-level brain region text on Subject.description.,1,
metadata_field,dataset_dir,sessionInfo_<datasetID>.csv,condition,plain text experimental condition,optional,always,NWBFile,session_description,,,str,Append to session_description; trial types detailed in trial table stage.,1,
metadata_field,dataset_dir,sessionInfo_<datasetID>.csv,related_publication,plain text DOI or citation,optional,always,NWBFile,related_publications,experiment_description,,str,NWB related_publications.,1,
metadata_field,dataset_dir,sessionInfo_<datasetID>.csv,(derived_file_identifier),N/A,required,always,NWBFile,identifier,,,str,Unique NWB identifier; typically concatenate animal_ID and session_ID or use session_ID if globally unique.,1,Not a SurLab column; conversion generates.
metadata_field,dataset_dir,sessionInfo_<datasetID>.csv,(per_stream_traces),boolean 0/1 per stream column,optional,always,NWBFile,keywords,,identity,array_of_str,One sessionInfo column per traces stream; header is full datatype ID (e.g. GCaMP7f_traces).,1,No aggregate traces column. See Common prefix examples in documentation (GCaMP7f tdTomato mCherry etc.).
metadata_field,dataset_dir,sessionInfo_<datasetID>.csv,(common_datatype_prefix_examples),N/A,na,always,NWBFile,N/A,,,N/A,Informative prefix patterns only; not validated as a closed list.,1,See documentation Common prefix examples. Pattern prefix_baseID e.g. GCaMP7f_traces pupil_behTSeries. trialInfo has no prefix.
metadata_field,dataset_dir,sessionInfo_<datasetID>.csv,trialInfo,boolean 0/1 trial table present,optional,always,NWBFile,keywords,,trials,array_of_str,Keyword trials when 1.,1,At most one trialInfo table per session. See stage 5 rows.
metadata_field,dataset_dir,sessionInfo_<datasetID>.csv,lfp,boolean 0/1 modality present,optional,always,NWBFile,keywords,,lfp,array_of_str,Keyword LFP when 1.,1,LFP rows deferred (future stage 6).
metadata_field,dataset_dir,sessionInfo_<datasetID>.csv,spikeTimes,boolean 0/1 modality present,optional,always,NWBFile,keywords,,spike_times,array_of_str,Keyword spike or units when 1.,1,When 1 expect spikeTimes files; see stage 2 conditional rows.
metadata_field,dataset_dir,sessionInfo_<datasetID>.csv,spikeWaves,boolean 0/1 modality present,optional,always,NWBFile,keywords,,spike_waveforms,array_of_str,Keyword waveform when 1.,1,Defer spike waves per project plan.
metadata_field,dataset_dir,sessionInfo_<datasetID>.csv,behEvents,boolean 0/1 modality present,optional,always,NWBFile,keywords,,behavior_events,array_of_str,Keyword behavioral events when 1.,1,Optional prefix on datatype ID (e.g. lick_behEvents) same convention as traces.
metadata_field,dataset_dir,sessionInfo_<datasetID>.csv,(per_stream_behTSeries),boolean 0/1 per stream column,optional,always,NWBFile,keywords,,identity,array_of_str,One sessionInfo column per behTSeries stream; header is full datatype ID (e.g. pupil_behTSeries).,1,No aggregate behTSeries column. See Common prefix examples (pupil wheel deeplabcutPupil etc.).
metadata_field,dataset_dir,sessionInfo_<datasetID>.csv,(sessioninfo_column_order),na,na,always,NWBFile,N/A,,,N/A,Recommended sessionInfo column tiers: required session metadata; optional session metadata; stream presence flags; stream scalar metadata grouped by datatypeID; lab extras.,1,See documentation Recommended column order. Not a column header.
metadata_field,dataset_dir,sessionInfo_<datasetID>.csv,(stream_scalar_metadata_rules),na,na,always,NWBFile,N/A,,,N/A,Canonical scalar location is sessionInfo {datatypeID}_{field}. Optional legacy mirror in schema JSON unprefixed key. Read both on forward; fail if both non-empty and disagree; forward does not modify source SurLab. Reverse writes both.,1,X_size/Y_size not sessionInfo columns; derive from data arrays. Unlisted keys stay in schema dataset_specific.
metadata_field,dataset_dir,(nwb_alt_fieldnames_rules),N/A,na,na,always,NWBFile,N/A,,,N/A,Reverse-only: semicolon-separated field/column names on primary nwb_location. Forward ignores. Primary wins; warn if primary and alias both non-empty and differ. Rare /location|field escape for different container. Ecosystem-specific paths: reverse_mapping/*.csv.,1,"Load order: primary+linkage, then nwb_alt_fieldnames, then reverse_mapping/<ecosystem>.csv only when user specifies ecosystem (e.g. allen, ibl)."
metadata_field,dataset_dir,sessionInfo_<datasetID>.csv,(per_stream_scalar_metadata),na,na,always,NWBFile,N/A,,,N/A,Per-stream scalar columns use {datatypeID}_{field} in sessionInfo (e.g. GCaMP7f_traces_indicator). Table rows use <datatypeID>_field template in fieldname_surlab.,1,Fixed-ID streams use literal prefix (spikeTimes_probe). See stage 3/4 sessionInfo rows and stage 6 lfp/spikeWaves rows.
metadata_field,dataset_dir,sessionInfo_<datasetID>.csv,spikeTimes_acquisition_software,plain text,recommended,if_datatype_present:spikeTimes,NWBFile/devices,Device.description,,,str,Canonical sessionInfo column. Stream-scoped NWB linkage. Acquisition software (often spikeGLX) stored in Device.description.,1,Legacy optional mirror: spikeTimes_schema.json key acquisition_software. Fail if both non-empty and disagree.
metadata_field,dataset_dir,sessionInfo_<datasetID>.csv,spikeTimes_data_unit_measurement,base__unit token string,recommended,if_datatype_present:spikeTimes,NWBFile/units,custom_column_data_unit_measurement,data_unit_measurement,,str,Canonical sessionInfo column. Stream-scoped NWB linkage. Optional DynamicTable column on Units for display; or fold into unit description.,1,Legacy optional mirror: spikeTimes_schema.json key data_unit_measurement. Fail if both non-empty and disagree.
metadata_field,dataset_dir,sessionInfo_<datasetID>.csv,spikeTimes_filter_cutoff_high__Hz,float Hz,recommended,if_datatype_present:spikeTimes,NWBFile/processing,custom_field,,,float,Canonical sessionInfo column. Stream-scoped NWB linkage. Pair with low cutoff.,1,Legacy optional mirror: spikeTimes_schema.json key filter_cutoff_high__Hz. Fail if both non-empty and disagree.
metadata_field,dataset_dir,sessionInfo_<datasetID>.csv,spikeTimes_filter_cutoff_low__Hz,float Hz,recommended,if_datatype_present:spikeTimes,NWBFile/processing,custom_field,,,float,Canonical sessionInfo column. Stream-scoped NWB linkage. Pair with high cutoff.,1,Legacy optional mirror: spikeTimes_schema.json key filter_cutoff_low__Hz. Fail if both non-empty and disagree.
metadata_field,dataset_dir,sessionInfo_<datasetID>.csv,spikeTimes_filter_type,plain text,recommended,if_datatype_present:spikeTimes,NWBFile/processing,custom_field,,,str,Canonical sessionInfo column. Stream-scoped NWB linkage. No single core filter object; use notes or ecephys extension if used.,1,Legacy optional mirror: spikeTimes_schema.json key filter_type. Fail if both non-empty and disagree.
metadata_field,dataset_dir,sessionInfo_<datasetID>.csv,spikeTimes_probe,plain text,required,if_datatype_present:spikeTimes,NWBFile/devices,Device.name,,,str,Canonical sessionInfo column. Stream-scoped NWB linkage. Probe identity is Device.name; link Units to device when geometry added later.,1,Legacy optional mirror: spikeTimes_schema.json key probe. Fail if both non-empty and disagree.
metadata_field,dataset_dir,sessionInfo_<datasetID>.csv,spikeTimes_quality_metric,plain text,optional,if_datatype_present:spikeTimes,NWBFile/units,custom_column_quality_metric_description,quality_metric,,str,Canonical sessionInfo column. Stream-scoped NWB linkage. Documents meaning of per-unit quality column.,1,Legacy optional mirror: spikeTimes_schema.json key quality_metric. Fail if both non-empty and disagree.
metadata_field,dataset_dir,sessionInfo_<datasetID>.csv,spikeTimes_sample_frequency__Hz,float Hz,recommended,if_datatype_present:spikeTimes,NWBFile/units,custom_column_sampling_rate__Hz,sampling_rate,,float,Canonical sessionInfo column. Stream-scoped NWB linkage. Supports alignment with raw ecephys; not same as spike time axis.,1,Legacy optional mirror: spikeTimes_schema.json key sample_frequency__Hz. Fail if both non-empty and disagree.
metadata_field,dataset_dir,sessionInfo_<datasetID>.csv,spikeTimes_sorting_software,plain text,recommended,if_datatype_present:spikeTimes,NWBFile/processing,processing_module_description,,,str,Canonical sessionInfo column. Stream-scoped NWB linkage. Kilosort precedent: name sorting module and software in processing description or module.,1,Legacy optional mirror: spikeTimes_schema.json key sorting_software. Fail if both non-empty and disagree.
metadata_field,dataset_dir,sessionInfo_<datasetID>.csv,lfp_probe,plain text,recommended,if_datatype_present:lfp,NWBFile/devices,Device.name,,,str,Canonical sessionInfo column. Stream-scoped NWB linkage. LFP probe identity; Device linked to LFP electrodes for this stream. Same physical probe as spikeTimes may repeat value in lfp_probe.,6,Legacy optional mirror: lfp_schema.json key probe. Fail if both non-empty and disagree.
metadata_field,dataset_dir,sessionInfo_<datasetID>.csv,lfp_filter_type,plain text,recommended,if_datatype_present:lfp,NWBFile/processing,custom_field,,,str,Canonical sessionInfo column. Stream-scoped NWB linkage. Filter type for LFP stream; processing custom field linked to LFP.,6,Legacy optional mirror: lfp_schema.json key filter_type. Fail if both non-empty and disagree.
metadata_field,dataset_dir,sessionInfo_<datasetID>.csv,lfp_filter_cutoff_low__Hz,float Hz,recommended,if_datatype_present:lfp,NWBFile/processing,custom_field,,,float,Canonical sessionInfo column. Stream-scoped NWB linkage. Low cutoff paired with filter_cutoff_high__Hz.,6,Legacy optional mirror: lfp_schema.json key filter_cutoff_low__Hz. Fail if both non-empty and disagree.
metadata_field,dataset_dir,sessionInfo_<datasetID>.csv,lfp_filter_cutoff_high__Hz,float Hz,recommended,if_datatype_present:lfp,NWBFile/processing,custom_field,,,float,Canonical sessionInfo column. Stream-scoped NWB linkage. High cutoff paired with filter_cutoff_low__Hz.,6,Legacy optional mirror: lfp_schema.json key filter_cutoff_high__Hz. Fail if both non-empty and disagree.
metadata_field,dataset_dir,sessionInfo_<datasetID>.csv,lfp_data_unit_measurement,base__unit token string,recommended,if_datatype_present:lfp,NWBFile/acquisition,unit,,,str,Canonical sessionInfo column. Stream-scoped NWB linkage. Unit tag for stored LFP values.,6,Legacy optional mirror: lfp_schema.json key data_unit_measurement. Fail if both non-empty and disagree.
metadata_field,dataset_dir,sessionInfo_<datasetID>.csv,lfp_sample_frequency__Hz,float Hz,recommended,if_datatype_present:lfp,NWBFile/acquisition,rate,,,float,Canonical sessionInfo column. Stream-scoped NWB linkage. LFP sampling rate.,6,Legacy optional mirror: lfp_schema.json key sample_frequency__Hz. Fail if both non-empty and disagree.
metadata_field,dataset_dir,sessionInfo_<datasetID>.csv,spikeWaves_probe,plain text,recommended,if_datatype_present:spikeWaves,NWBFile/devices,Device.name,,,str,Canonical sessionInfo column. Stream-scoped NWB linkage. Probe for spike waveforms; Device linked to waveform source.,6,Legacy optional mirror: spikeWaves_schema.json key probe. Fail if both non-empty and disagree.
metadata_field,dataset_dir,sessionInfo_<datasetID>.csv,spikeWaves_clustering_algorithm,plain text,recommended,if_datatype_present:spikeWaves,NWBFile/processing,custom_field,,,str,Canonical sessionInfo column. Stream-scoped NWB linkage. Clustering algorithm for waveforms.,6,Legacy optional mirror: spikeWaves_schema.json key clustering_algorithm. Fail if both non-empty and disagree.
metadata_field,dataset_dir,sessionInfo_<datasetID>.csv,spikeWaves_sample_frequency__Hz,float Hz,recommended,if_datatype_present:spikeWaves,NWBFile/units,custom_column_sampling_rate__Hz,,,float,Canonical sessionInfo column. Stream-scoped NWB linkage. Waveform snippet sampling rate.,6,Legacy optional mirror: spikeWaves_schema.json key sample_frequency__Hz. Fail if both non-empty and disagree.
metadata_field,dataset_dir,sessionInfo_<datasetID>.csv,spikeWaves_data_unit_measurement,base__unit token string,recommended,if_datatype_present:spikeWaves,NWBFile/units,custom_column_data_unit_measurement,,,str,Canonical sessionInfo column. Stream-scoped NWB linkage. Unit tag for waveform amplitudes.,6,Legacy optional mirror: spikeWaves_schema.json key data_unit_measurement. Fail if both non-empty and disagree.
metadata_field,dataset_dir,sessionInfo_<datasetID>.csv,<datatypeID>_data_unit_measurement,base__unit token string,recommended,if_datatype_present:<datatypeID>,NWBFile/ophys/RoiResponseSeries,unit,,,str,Canonical sessionInfo column. Stream-scoped NWB linkage. Fluorescence often arbitrary or deltaF/F; document in schema.,1,Legacy optional mirror: <datatypeID>_schema.json key data_unit_measurement. Fail if both non-empty and disagree.
metadata_field,dataset_dir,sessionInfo_<datasetID>.csv,<datatypeID>_data_unit_measurement,base__unit token string,recommended,if_datatype_present:<datatypeID>,NWBFile/acquisition,unit,,,str,Canonical sessionInfo column. Stream-scoped NWB linkage. Document units per feature in metadata labels where needed.,1,Legacy optional mirror: <datatypeID>_schema.json key data_unit_measurement. Fail if both non-empty and disagree.
metadata_field,dataset_dir,sessionInfo_<datasetID>.csv,<datatypeID>_detection_software,plain text,recommended,if_datatype_present:<datatypeID>,NWBFile/ophys/ImagingPlane,custom_field,,,str,Canonical sessionInfo column. Stream-scoped NWB linkage. e.g. Suite2p; SPECULATIVE ImagingPlane metadata.,1,Legacy optional mirror: <datatypeID>_schema.json key detection_software. Fail if both non-empty and disagree.
metadata_field,dataset_dir,sessionInfo_<datasetID>.csv,<datatypeID>_fov_depth__um,float micrometers,optional,if_datatype_present:<datatypeID>,NWBFile/ophys/ImagingPlane,custom_field,,,float,Canonical sessionInfo column. Stream-scoped NWB linkage. Imaging depth at FOV.,1,Legacy optional mirror: <datatypeID>_schema.json key fov_depth__um. Fail if both non-empty and disagree.
metadata_field,dataset_dir,sessionInfo_<datasetID>.csv,<datatypeID>_fov_height__pixels,integer pixels,optional,if_datatype_present:<datatypeID>,NWBFile/ophys/ImagingPlane,custom_field,,,int,Canonical sessionInfo column. Stream-scoped NWB linkage. Field of view height.,1,Legacy optional mirror: <datatypeID>_schema.json key fov_height__pixels. Fail if both non-empty and disagree.
metadata_field,dataset_dir,sessionInfo_<datasetID>.csv,<datatypeID>_fov_width__pixels,integer pixels,optional,if_datatype_present:<datatypeID>,NWBFile/ophys/ImagingPlane,custom_field,,,int,Canonical sessionInfo column. Stream-scoped NWB linkage. Field of view width.,1,Legacy optional mirror: <datatypeID>_schema.json key fov_width__pixels. Fail if both non-empty and disagree.
metadata_field,dataset_dir,sessionInfo_<datasetID>.csv,<datatypeID>_indicator,plain text,recommended,if_datatype_present:<datatypeID>,NWBFile/ophys/OpticalChannel,custom_field,,,str,Canonical sessionInfo column. Stream-scoped NWB linkage. Calcium indicator name.,1,Legacy optional mirror: <datatypeID>_schema.json key indicator. Fail if both non-empty and disagree.
metadata_field,dataset_dir,sessionInfo_<datasetID>.csv,<datatypeID>_laser_name,plain text,optional,if_datatype_present:<datatypeID>,NWBFile/ophys/ImagingPlane,custom_field,,,str,Canonical sessionInfo column. Stream-scoped NWB linkage. Laser identifier.,1,Legacy optional mirror: <datatypeID>_schema.json key laser_name. Fail if both non-empty and disagree.
metadata_field,dataset_dir,sessionInfo_<datasetID>.csv,<datatypeID>_objectives,plain text,optional,if_datatype_present:<datatypeID>,NWBFile/ophys/ImagingPlane,custom_field,,,str,Canonical sessionInfo column. Stream-scoped NWB linkage. Microscope objective description.,1,Legacy optional mirror: <datatypeID>_schema.json key objectives. Fail if both non-empty and disagree.
metadata_field,dataset_dir,sessionInfo_<datasetID>.csv,<datatypeID>_pixel_size__um,float micrometers (use pixel_size__au if uncalibrated / arbitrary),optional,if_datatype_present:<datatypeID>,NWBFile/ophys/ImagingPlane,custom_field,,,float,Canonical sessionInfo column. Stream-scoped NWB linkage. Prefer numeric with optional pixel_size_calibration column. Header must include unit suffix (__um or __au).,1,Legacy optional mirror: <datatypeID>_schema.json key pixel_size. Fail if both non-empty and disagree. Canonical name pixel_size__um; use sibling column pixel_size__au instead when units unknown/arbitrary (mutually exclusive).
metadata_field,dataset_dir,sessionInfo_<datasetID>.csv,<datatypeID>_pixel_size__au,float arbitrary units (use when pixel size not calibrated to um),optional,if_datatype_present:<datatypeID>,NWBFile/ophys/ImagingPlane,custom_field,,,float,Alternate to pixel_size__um when scale is unknown/arbitrary. Mutually exclusive with pixel_size__um for the same stream. Same NWB ImagingPlane custom_field.,1,Do not populate both pixel_size__um and pixel_size__au for one stream. Legacy optional mirror: <datatypeID>_schema.json key pixel_size__au. Fail if both non-empty and disagree.
metadata_field,dataset_dir,sessionInfo_<datasetID>.csv,<datatypeID>_pixel_size_calibration,calibration note for pixel_size__um or pixel_size__au,optional,if_datatype_present:<datatypeID>,NWBFile/ophys/ImagingPlane,custom_field,,,str,Canonical sessionInfo column. Stream-scoped NWB linkage. Optional user-supplied scale.,1,Legacy optional mirror: <datatypeID>_schema.json key pixel_size_calibration. Fail if both non-empty and disagree. Applies to whichever of pixel_size__um / pixel_size__au is used.
metadata_field,dataset_dir,sessionInfo_<datasetID>.csv,<datatypeID>_sample_frequency__Hz,float Hz,recommended,if_datatype_present:<datatypeID>,NWBFile/ophys/ImagingPlane,custom_field,,,float,Canonical sessionInfo column. Stream-scoped NWB linkage. SPECULATIVE: link to ImagingPlane rate when imaging metadata added.,1,Legacy optional mirror: <datatypeID>_schema.json key sample_frequency__Hz. Fail if both non-empty and disagree.
metadata_field,dataset_dir,sessionInfo_<datasetID>.csv,<datatypeID>_sample_frequency__Hz,float Hz,recommended,if_datatype_present:<datatypeID>,NWBFile/acquisition,rate,,,float,Canonical sessionInfo column. Stream-scoped NWB linkage. Sampling rate of behavioral stream.,1,Legacy optional mirror: <datatypeID>_schema.json key sample_frequency__Hz. Fail if both non-empty and disagree.
metadata_field,dataset_dir,sessionInfo_<datasetID>.csv,<datatypeID>_wavelength__nm,float nanometers,recommended,if_datatype_present:<datatypeID>,NWBFile/ophys/OpticalChannel,emission_lambda,,,float,Canonical sessionInfo column. Stream-scoped NWB linkage. SPECULATIVE OpticalChannel mapping.,1,Legacy optional mirror: <datatypeID>_schema.json key wavelength__nm. Fail if both non-empty and disagree.
metadata_field,dataset_dir,sessionInfo_<datasetID>.csv,dataset_specific,N/A,optional,always,NWBFile,experiment_description,,,str,Append each extra sessionInfo column as key=value text in experiment_description (interim). LabMetaData when nwb_path enabled.,1,Legacy optional mirror: dataset_schema.json key specific. Fail if both non-empty and disagree.
metadata_field,session_dir,sessionInfo_single_session.csv,(all columns above),same as dataset row,na,always,NWBFile,same_as_dataset_dir_mapping,,,same,Session-local copy of sessionInfo; identical mapping after row selection for that session.,1,One session one row; join key animal_ID session_ID.
metadata_field,dataset_dir,experimentDesc.pdf,N/A,file not tabular,optional,always,NWBFile,session_description,,,str,PDF stays external as separate asset; copy abstract into session_description.,1,Optional; DANDI stores PDFs as separate assets.
data_array,session_dir,spikeTimes_data.{mat|npz},NA,spike times per unit in seconds relative to the session origin (t=0),required,if_datatype_present:spikeTimes,NWBFile/units,spike_times,,,array_of_float64,Kilosort-style: one unit per row; spike_times in seconds aligned to NWB session clock.,2,Verbose alias: spikeTimes_data_<datasetID>_<animal_ID>_<session_ID>.{mat|npz}. Same variable layout as SurLab spec.
metadata_field,session_dir,spikeTimes_schema.json,data_unit_measurement,base__unit token string,recommended,if_datatype_present:spikeTimes,NWBFile/units,custom_column_data_unit_measurement,data_unit_measurement,,str,Optional DynamicTable column on Units for display; or fold into unit description. Optional legacy mirror; canonical column in sessionInfo.,2,Legacy optional mirror of sessionInfo spikeTimes_data_unit_measurement. Fail if both non-empty and disagree. Prefer sessionInfo duplicate when schema deprecated.
metadata_field,session_dir,spikeTimes_schema.json,X_dim,dimension label,recommended,if_datatype_present:spikeTimes,NWBFile/units,custom_field,,,str,Document layout; often neurons or time not stored on NWB Units.,2,
metadata_field,session_dir,spikeTimes_schema.json,Y_dim,dimension label,optional,if_datatype_present:spikeTimes,NWBFile/units,custom_field,,,str,Same as X_dim.,2,
metadata_field,session_dir,spikeTimes_schema.json,X_size,integer count,recommended,if_datatype_present:spikeTimes,NWBFile/units,custom_column_num_units,,,int,Should match number of units and metadata rows.,2,
metadata_field,session_dir,spikeTimes_schema.json,Y_size,integer count,optional,if_datatype_present:spikeTimes,NWBFile/units,custom_field,,,int,If used in schema.,2,
metadata_field,session_dir,spikeTimes_schema.json,X_idx,optional layout indices (usually omitted for spikeTimes),optional,if_datatype_present:spikeTimes,NWBFile/units,custom_field,,,array_of_int_or_str,Omitted for spikeTimes per SurLab (times in arrays).,2,
metadata_field,session_dir,spikeTimes_schema.json,Y_idx,optional layout indices (usually omitted for spikeTimes),optional,if_datatype_present:spikeTimes,NWBFile/units,custom_field,,,array_of_int_or_str,If present.,2,
metadata_field,session_dir,spikeTimes_schema.json,sample_frequency__Hz,float Hz,recommended,if_datatype_present:spikeTimes,NWBFile/units,custom_column_sampling_rate__Hz,sampling_rate,,float,Supports alignment with raw ecephys; not same as spike time axis. Optional legacy mirror; canonical column in sessionInfo.,2,Legacy optional mirror of sessionInfo spikeTimes_sample_frequency__Hz. Fail if both non-empty and disagree.
metadata_field,session_dir,spikeTimes_schema.json,probe,plain text,optional,if_datatype_present:spikeTimes,NWBFile/devices,Device.name,,,str,Probe identity is Device.name; link Units to device when geometry added later. Optional legacy mirror; canonical column in sessionInfo.,2,Legacy optional mirror of sessionInfo spikeTimes_probe. Fail if both non-empty and disagree.
metadata_field,session_dir,spikeTimes_schema.json,acquisition_software,plain text,recommended,if_datatype_present:spikeTimes,NWBFile/devices,Device.description,,,str,Acquisition software (often spikeGLX) stored in Device.description. Optional legacy mirror; canonical column in sessionInfo.,2,Legacy optional mirror of sessionInfo spikeTimes_acquisition_software. Fail if both non-empty and disagree.
metadata_field,session_dir,spikeTimes_schema.json,sorting_software,plain text,recommended,if_datatype_present:spikeTimes,NWBFile/processing,processing_module_description,,,str,Kilosort precedent: name sorting module and software in processing description or module. Optional legacy mirror; canonical column in sessionInfo.,2,Legacy optional mirror of sessionInfo spikeTimes_sorting_software. Fail if both non-empty and disagree.
metadata_field,session_dir,spikeTimes_schema.json,filter_type,plain text,recommended,if_datatype_present:spikeTimes,NWBFile/processing,custom_field,,,str,No single core filter object; use notes or ecephys extension if used. Optional legacy mirror; canonical column in sessionInfo.,2,Legacy optional mirror of sessionInfo spikeTimes_filter_type. Fail if both non-empty and disagree.
metadata_field,session_dir,spikeTimes_schema.json,filter_cutoff_low__Hz,float Hz,recommended,if_datatype_present:spikeTimes,NWBFile/processing,custom_field,,,float,Pair with high cutoff. Optional legacy mirror; canonical column in sessionInfo.,2,Legacy optional mirror of sessionInfo spikeTimes_filter_cutoff_low__Hz. Fail if both non-empty and disagree.
metadata_field,session_dir,spikeTimes_schema.json,filter_cutoff_high__Hz,float Hz,recommended,if_datatype_present:spikeTimes,NWBFile/processing,custom_field,,,float,Pair with low cutoff. Optional legacy mirror; canonical column in sessionInfo.,2,Legacy optional mirror of sessionInfo spikeTimes_filter_cutoff_high__Hz. Fail if both non-empty and disagree.
metadata_field,session_dir,spikeTimes_schema.json,quality_metric,plain text,optional,if_datatype_present:spikeTimes,NWBFile/units,custom_column_quality_metric_description,quality_metric,,str,Documents meaning of per-unit quality column. Optional legacy mirror; canonical column in sessionInfo.,2,Legacy optional mirror of sessionInfo spikeTimes_quality_metric. Fail if both non-empty and disagree.
metadata_field,session_dir,spikeTimes_metadata.csv,unit_ID,integer or text id per unit,required,if_datatype_present:spikeTimes,NWBFile/units,id,unit_id,,int_or_str,Units table id column; align rows to spike array order.,2,
metadata_field,session_dir,spikeTimes_metadata.csv,depth__um,float micrometers,recommended,if_datatype_present:spikeTimes,NWBFile/units,custom_column_depth__um,depth,,float,Allen/Kilosort-style depth on Units table.,2,
metadata_field,session_dir,spikeTimes_metadata.csv,area,plain text,recommended,if_datatype_present:spikeTimes,NWBFile/units,custom_column_brain_area,brain_area;location,,str,Per-unit region label.,2,
metadata_field,session_dir,spikeTimes_metadata.csv,spike_sorting_ID,identifier in sorter output,recommended,if_datatype_present:spikeTimes,NWBFile/units,custom_column_spike_sorting_ID,sorting_id;cluster_id,,str,Kilosort cluster id precedent.,2,
metadata_field,session_dir,spikeTimes_metadata.csv,quality,float metric or categorical label (see quality_metric),optional,if_datatype_present:spikeTimes,NWBFile/units,custom_column_quality,quality_label,,float_or_str,Interpretation from quality_metric in schema.,2,Type float_or_str: numeric quality score OR non-empty string label. Meaning documented by quality_metric / spikeTimes_quality_metric.
metadata_field,session_dir,spikeTimes_metadata.csv,grid_location,row col pair,optional,if_datatype_present:spikeTimes,NWBFile/units,custom_column_grid_location,,,str,For grid probes; optional.,2,
metadata_field,session_dir,spikeTimes_metadata.csv,dataset_specific,N/A,optional,if_datatype_present:spikeTimes,NWBFile/units,custom_columns,,,str,Same rule as sessionInfo: preserve names on Units DynamicTable.,2,One generic row for unlisted metadata columns.
metadata_field,session_dir,(no file),timestamps for spikeTimes,N/A,na,if_datatype_present:spikeTimes,NWBFile,N/A,,,N/A,SurLab explicitly does not use a separate timestamps file for spikeTimes; times live in data arrays.,2,Do not require spikeTimes_timestamps; if file appears treat as dataset_specific or legacy.
data_array,session_dir,<datatypeID>_data.{mat|npz},NA,fluorescence [time x ROIs]; seconds via timestamps relative to the session origin (t=0),required,if_datatype_present:<datatypeID>,NWBFile/ophys/RoiResponseSeries,data,,,array_of_float64,SPECULATIVE: Suite2p/2P-style RoiResponseSeries under ImagingModule; confirm with dataset.,3,Canonical axis 0=time axis 1=ROIs. Python (n_time n_ROI). Suite2p (n_ROI n_time) must transpose on ingest. Prefer .npz for Python export.
timestamps_array,session_dir,<datatypeID>_timestamps.{mat|npz},NA,native frame times in seconds relative to the session origin (t=0),required,if_datatype_present:<datatypeID>,NWBFile/ophys/RoiResponseSeries,timestamps,,,array_of_float64,Store native acquisition times; do not require resampling to fixed Hz.,3,Optional sample_frequency__Hz is descriptive only. Prefer .npz for Python export.
metadata_field,session_dir,<datatypeID>_schema.json,data_unit_measurement,base__unit token string,recommended,if_datatype_present:<datatypeID>,NWBFile/ophys/RoiResponseSeries,unit,,,str,Fluorescence often arbitrary or deltaF/F; document in schema. Optional legacy mirror; canonical column in sessionInfo.,3,Legacy optional mirror of sessionInfo <datatypeID>_data_unit_measurement. Fail if both non-empty and disagree.
metadata_field,session_dir,<datatypeID>_schema.json,X_dim,dimension label,recommended,if_datatype_present:<datatypeID>,NWBFile/ophys/RoiResponseSeries,custom_field,,,str,Canonical: X = first array axis = time (value time).,3,Must match stored data layout after any transpose on ingest.
metadata_field,session_dir,<datatypeID>_schema.json,Y_dim,dimension label,recommended,if_datatype_present:<datatypeID>,NWBFile/ophys/RoiResponseSeries,custom_field,,,str,Canonical: Y = second array axis = ROI (value ROI).,3,
metadata_field,session_dir,<datatypeID>_schema.json,X_size,integer count,recommended,if_datatype_present:<datatypeID>,NWBFile/ophys/RoiResponseSeries,custom_field,,,int,Equals number of time samples (length of axis 0).,3,
metadata_field,session_dir,<datatypeID>_schema.json,Y_size,integer count,recommended,if_datatype_present:<datatypeID>,NWBFile/ophys/RoiResponseSeries,custom_field,,,int,Equals number of ROIs; must match metadata row count.,3,
metadata_field,session_dir,<datatypeID>_schema.json,X_idx,1-D array of float seconds relative to session origin (t=0),optional,if_datatype_present:<datatypeID>,NWBFile/ophys/RoiResponseSeries,custom_field,,,array_of_float,Time coordinates in seconds relative to the session origin (t=0) along axis 0.,3,JSON list/array of floats; length should match X_size / n_time when present.
metadata_field,session_dir,<datatypeID>_schema.json,Y_idx,1-D array of int or string indices/IDs along axis 1,optional,if_datatype_present:<datatypeID>,NWBFile/ophys/RoiResponseSeries,custom_field,,,array_of_int_or_str,ROI indices along axis 1 when present.,3,JSON list/array; length should match Y_size / n_ROI or n_features when present.
metadata_field,session_dir,<datatypeID>_schema.json,sample_frequency__Hz,float Hz,recommended,if_datatype_present:<datatypeID>,NWBFile/ophys/ImagingPlane,custom_field,,,float,SPECULATIVE: link to ImagingPlane rate when imaging metadata added. Optional legacy mirror; canonical column in sessionInfo.,3,Legacy optional mirror of sessionInfo <datatypeID>_sample_frequency__Hz. Fail if both non-empty and disagree.
metadata_field,session_dir,<datatypeID>_schema.json,detection_software,plain text,recommended,if_datatype_present:<datatypeID>,NWBFile/ophys/ImagingPlane,custom_field,,,str,e.g. Suite2p; SPECULATIVE ImagingPlane metadata. Optional legacy mirror; canonical column in sessionInfo.,3,Legacy optional mirror of sessionInfo <datatypeID>_detection_software. Fail if both non-empty and disagree.
metadata_field,session_dir,<datatypeID>_schema.json,indicator,plain text,recommended,if_datatype_present:<datatypeID>,NWBFile/ophys/OpticalChannel,custom_field,,,str,Calcium indicator name. Optional legacy mirror; canonical column in sessionInfo.,3,Legacy optional mirror of sessionInfo <datatypeID>_indicator. Fail if both non-empty and disagree.
metadata_field,session_dir,<datatypeID>_schema.json,wavelength__nm,float nanometers,recommended,if_datatype_present:<datatypeID>,NWBFile/ophys/OpticalChannel,emission_lambda,,,float,SPECULATIVE OpticalChannel mapping. Optional legacy mirror; canonical column in sessionInfo.,3,Legacy optional mirror of sessionInfo <datatypeID>_wavelength__nm. Fail if both non-empty and disagree.
metadata_field,session_dir,<datatypeID>_schema.json,pixel_size__um,float micrometers (use pixel_size__au if uncalibrated / arbitrary),optional,if_datatype_present:<datatypeID>,NWBFile/ophys/ImagingPlane,custom_field,,,float,Prefer numeric with optional pixel_size_calibration column. Optional legacy mirror; canonical column in sessionInfo. Header must include unit suffix (__um or __au).,3,Legacy optional mirror of sessionInfo <datatypeID>_pixel_size. Fail if both non-empty and disagree. Canonical name pixel_size__um; use sibling column pixel_size__au instead when units unknown/arbitrary (mutually exclusive).
metadata_field,session_dir,<datatypeID>_schema.json,pixel_size__au,float arbitrary units (use when pixel size not calibrated to um),optional,if_datatype_present:<datatypeID>,NWBFile/ophys/ImagingPlane,custom_field,,,float,Alternate to pixel_size__um when scale is unknown/arbitrary. Mutually exclusive with pixel_size__um for the same stream. Same NWB ImagingPlane custom_field.,3,Do not populate both pixel_size__um and pixel_size__au for one stream. Legacy optional mirror of sessionInfo <datatypeID>_pixel_size__au. Fail if both non-empty and disagree.
metadata_field,session_dir,<datatypeID>_schema.json,pixel_size_calibration,calibration note for pixel_size__um or pixel_size__au,optional,if_datatype_present:<datatypeID>,NWBFile/ophys/ImagingPlane,custom_field,,,str,Optional user-supplied scale. Optional legacy mirror; canonical column in sessionInfo.,3,Legacy optional mirror of sessionInfo <datatypeID>_pixel_size_calibration. Fail if both non-empty and disagree. Applies to whichever of pixel_size__um / pixel_size__au is used.
metadata_field,session_dir,<datatypeID>_schema.json,objectives,plain text,optional,if_datatype_present:<datatypeID>,NWBFile/ophys/ImagingPlane,custom_field,,,str,Microscope objective description. Optional legacy mirror; canonical column in sessionInfo.,3,Legacy optional mirror of sessionInfo <datatypeID>_objectives. Fail if both non-empty and disagree.
metadata_field,session_dir,<datatypeID>_schema.json,laser_name,plain text,optional,if_datatype_present:<datatypeID>,NWBFile/ophys/ImagingPlane,custom_field,,,str,Laser identifier. Optional legacy mirror; canonical column in sessionInfo.,3,Legacy optional mirror of sessionInfo <datatypeID>_laser_name. Fail if both non-empty and disagree.
metadata_field,session_dir,<datatypeID>_schema.json,fov_width__pixels,integer pixels,optional,if_datatype_present:<datatypeID>,NWBFile/ophys/ImagingPlane,custom_field,,,int,Field of view width. Optional legacy mirror; canonical column in sessionInfo.,3,Legacy optional mirror of sessionInfo <datatypeID>_fov_width__pixels. Fail if both non-empty and disagree.
metadata_field,session_dir,<datatypeID>_schema.json,fov_height__pixels,integer pixels,optional,if_datatype_present:<datatypeID>,NWBFile/ophys/ImagingPlane,custom_field,,,int,Field of view height. Optional legacy mirror; canonical column in sessionInfo.,3,Legacy optional mirror of sessionInfo <datatypeID>_fov_height__pixels. Fail if both non-empty and disagree.
metadata_field,session_dir,<datatypeID>_schema.json,fov_depth__um,float micrometers,optional,if_datatype_present:<datatypeID>,NWBFile/ophys/ImagingPlane,custom_field,,,float,Imaging depth at FOV. Optional legacy mirror; canonical column in sessionInfo.,3,Legacy optional mirror of sessionInfo <datatypeID>_fov_depth__um. Fail if both non-empty and disagree.
metadata_field,session_dir,<datatypeID>_schema.json,dataset_specific,N/A,optional,if_datatype_present:<datatypeID>,NWBFile/ophys,custom_field,,,str,Unlisted schema keys preserved (e.g. PMT/laser power with calibration).,3,One generic row; PMT/Pockels often arbitrary instrument units.
metadata_field,session_dir,<datatypeID>_metadata.csv,roi_ID,integer or text id per ROI,required,if_datatype_present:<datatypeID>,NWBFile/ophys/RoiResponseSeries,id,,,int_or_str,ROI identity maps to PlaneSegmentation row id (SPECULATIVE); order matches data array ROI dimension.,3,
metadata_field,session_dir,<datatypeID>_metadata.csv,roi_x_coordinate,float or integer,recommended,if_datatype_present:<datatypeID>,NWBFile/ophys/ROI,custom_column_roi_x,,,float,SPECULATIVE ROI table column.,3,
metadata_field,session_dir,<datatypeID>_metadata.csv,roi_y_coordinate,float or integer,recommended,if_datatype_present:<datatypeID>,NWBFile/ophys/ROI,custom_column_roi_y,,,float,SPECULATIVE ROI table column.,3,
metadata_field,session_dir,<datatypeID>_metadata.csv,area,plain text brain region label,recommended,if_datatype_present:<datatypeID>,NWBFile/ophys/ROI,custom_column_area,,,str,Anatomical area for ROI.,3,
metadata_field,session_dir,<datatypeID>_metadata.csv,depth__um,float micrometers,recommended,if_datatype_present:<datatypeID>,NWBFile/ophys/ROI,custom_column_depth__um,,,float,ROI depth.,3,
metadata_field,session_dir,<datatypeID>_metadata.csv,roi_center_x,float,recommended,if_datatype_present:<datatypeID>,NWBFile/ophys/ROI,custom_column_roi_center_x,,,float,ROI center x.,3,
metadata_field,session_dir,<datatypeID>_metadata.csv,roi_center_y,float,recommended,if_datatype_present:<datatypeID>,NWBFile/ophys/ROI,custom_column_roi_center_y,,,float,ROI center y.,3,
metadata_field,session_dir,<datatypeID>_metadata.csv,dataset_specific,N/A,optional,if_datatype_present:<datatypeID>,NWBFile/ophys/ROI,custom_columns,,,str,Same rule as sessionInfo: preserve unlisted column names.,3,One generic row per stream.
data_array,session_dir,<datatypeID>_data.{mat|npz},NA,behavioral [time x features]; seconds via timestamps relative to the session origin (t=0),required,if_datatype_present:<datatypeID>,NWBFile/acquisition,custom_TimeSeries_name,,,array_of_float64,SPECULATIVE: acquisition TimeSeries or Position per feature; confirm with dataset (DLC pupil etc.).,4,Canonical axis 0=time axis 1=features. Transpose on ingest if source is (features time). Prefer .npz. Omit stream if empty (sessionInfo flag 0; no files).
timestamps_array,session_dir,<datatypeID>_timestamps.{mat|npz},NA,native sample times in seconds relative to the session origin (t=0),required,if_datatype_present:<datatypeID>,NWBFile/acquisition,timestamps,,,array_of_float64,Native times; no required resampling.,4,Required when behTSeries flag is 1. Prefer .npz.
metadata_field,session_dir,<datatypeID>_schema.json,data_unit_measurement,base__unit token string,recommended,if_datatype_present:<datatypeID>,NWBFile/acquisition,unit,,,str,Document units per feature in metadata labels where needed. Optional legacy mirror; canonical column in sessionInfo.,4,Legacy optional mirror of sessionInfo <datatypeID>_data_unit_measurement. Fail if both non-empty and disagree.
metadata_field,session_dir,<datatypeID>_schema.json,X_dim,dimension label,recommended,if_datatype_present:<datatypeID>,NWBFile/acquisition,custom_field,,,str,Canonical: X = axis 0 = time.,4,
metadata_field,session_dir,<datatypeID>_schema.json,Y_dim,dimension label,recommended,if_datatype_present:<datatypeID>,NWBFile/acquisition,custom_field,,,str,Canonical: Y = axis 1 = features.,4,
metadata_field,session_dir,<datatypeID>_schema.json,X_size,integer count,recommended,if_datatype_present:<datatypeID>,NWBFile/acquisition,custom_field,,,int,Number of time samples (axis 0).,4,
metadata_field,session_dir,<datatypeID>_schema.json,Y_size,integer count,recommended,if_datatype_present:<datatypeID>,NWBFile/acquisition,custom_field,,,int,Number of features; must match metadata row count.,4,
metadata_field,session_dir,<datatypeID>_schema.json,X_idx,1-D array of float seconds relative to session origin (t=0),optional,if_datatype_present:<datatypeID>,NWBFile/acquisition,custom_field,,,array_of_float,Time in seconds relative to the session origin (t=0) along axis 0.,4,JSON list/array of floats; length should match X_size / n_time when present.
metadata_field,session_dir,<datatypeID>_schema.json,Y_idx,1-D array of int or string indices/IDs along axis 1,optional,if_datatype_present:<datatypeID>,NWBFile/acquisition,custom_field,,,array_of_int_or_str,Feature indices along axis 1 when present.,4,JSON list/array; length should match Y_size / n_ROI or n_features when present.
metadata_field,session_dir,<datatypeID>_schema.json,sample_frequency__Hz,float Hz,recommended,if_datatype_present:<datatypeID>,NWBFile/acquisition,rate,,,float,Sampling rate of behavioral stream. Optional legacy mirror; canonical column in sessionInfo.,4,Legacy optional mirror of sessionInfo <datatypeID>_sample_frequency__Hz. Fail if both non-empty and disagree.
metadata_field,session_dir,<datatypeID>_schema.json,dataset_specific,N/A,optional,if_datatype_present:<datatypeID>,NWBFile/acquisition,custom_field,,,str,Unlisted schema keys preserved.,4,One generic row per stream.
metadata_field,session_dir,<datatypeID>_metadata.csv,feature_ID,integer or text id per feature,required,if_datatype_present:<datatypeID>,NWBFile/acquisition,custom_column_feature_ID,,,int_or_str,Aligns with columns of data array.,4,
metadata_field,session_dir,<datatypeID>_metadata.csv,feature_label,plain text label per feature,required,if_datatype_present:<datatypeID>,NWBFile/acquisition,custom_column_feature_label,,,str,e.g. pupil_x pupil_y likelihood for DLC.,4,
metadata_field,session_dir,<datatypeID>_metadata.csv,dataset_specific,N/A,optional,if_datatype_present:<datatypeID>,NWBFile/acquisition,custom_columns,,,str,Preserve unlisted columns (extra DLC body parts etc.).,4,One generic row per stream.
metadata_field,session_dir,trialInfo.csv,start_time__s,trial start seconds relative to the session origin (t=0),required,if_datatype_present:trialInfo,NWBFile/intervals/trials,start_time,,,float64,SPECULATIVE: NWB Trials table or TimeIntervals start.,5,One trialInfo file per session. Optional middle filename tokens allowed.
metadata_field,session_dir,trialInfo.csv,stop_time__s,trial stop seconds relative to the session origin (t=0),required,if_datatype_present:trialInfo,NWBFile/intervals/trials,stop_time,,,float64,SPECULATIVE: Trials stop time.,5,
metadata_field,session_dir,trialInfo.csv,stimulus_onset__s,stimulus onset seconds,optional,if_datatype_present:trialInfo,NWBFile/intervals/trials,custom_column_stimulus_onset__s,,,float64,Visual/auditory onset relative to the session origin (t=0).,5,
metadata_field,session_dir,trialInfo.csv,stimulus_offset__s,stimulus offset seconds,optional,if_datatype_present:trialInfo,NWBFile/intervals/trials,custom_column_stimulus_offset__s,,,float64,Stimulus offset.,5,
metadata_field,session_dir,trialInfo.csv,tone_frequency__Hz,auditory tone frequency numeric Hz,optional,if_datatype_present:trialInfo,NWBFile/intervals/trials,custom_column_tone_frequency__Hz,,,float64,Numeric cells only not strings like 4kHz.,5,
metadata_field,session_dir,trialInfo.csv,tone_intensity__dB,auditory level numeric dB,optional,if_datatype_present:trialInfo,NWBFile/intervals/trials,custom_column_tone_intensity__dB,,,float64,Numeric cells only.,5,
metadata_field,session_dir,trialInfo.csv,grating_orientation__degrees,visual grating orientation degrees,optional,if_datatype_present:trialInfo,NWBFile/intervals/trials,custom_column_grating_orientation__degrees,,,float64,Visual stimulus parameter.,5,
metadata_field,session_dir,trialInfo.csv,grating_spatial_frequency__cycles_per_degree,spatial frequency,optional,if_datatype_present:trialInfo,NWBFile/intervals/trials,custom_column_grating_spatial_frequency__cycles_per_degree,,,float64,Document convention in dataset README if nonstandard.,5,
metadata_field,session_dir,trialInfo.csv,grating_drift_speed__m_per_s,drift speed m/s,optional,if_datatype_present:trialInfo,NWBFile/intervals/trials,custom_column_grating_drift_speed__m_per_s,,,float64,Drifting grating.,5,
metadata_field,session_dir,trialInfo.csv,grating_drift_direction__degrees,drift direction degrees,optional,if_datatype_present:trialInfo,NWBFile/intervals/trials,custom_column_grating_drift_direction__degrees,,,float64,Drifting grating direction.,5,
metadata_field,session_dir,trialInfo.csv,reaction_time__s,reaction time seconds from stimulus_onset__s,optional,if_datatype_present:trialInfo,NWBFile/intervals/trials,custom_column_reaction_time__s,,,float64,Behavioral reaction time.,5,
metadata_field,session_dir,trialInfo.csv,output,categorical behavioral label,optional,if_datatype_present:trialInfo,NWBFile/intervals/trials,custom_column_output,,,str,e.g. press no_press.,5,
metadata_field,session_dir,trialInfo.csv,num_licks,integer lick count per trial,optional,if_datatype_present:trialInfo,NWBFile/intervals/trials,custom_column_num_licks,,,int,Count of licks in trial.,5,
metadata_field,session_dir,trialInfo.csv,reward,boolean reward delivered 0/1,optional,if_datatype_present:trialInfo,NWBFile/intervals/trials,custom_column_reward,,,bool,Reinforcement.,5,
metadata_field,session_dir,trialInfo.csv,punish,boolean punishment delivered 0/1,optional,if_datatype_present:trialInfo,NWBFile/intervals/trials,custom_column_punish,,,bool,Reinforcement.,5,
metadata_field,session_dir,trialInfo.csv,correct,binary trial outcome 0/1,optional,if_datatype_present:trialInfo,NWBFile/intervals/trials,custom_column_correct,,,int,Omit when no operant outcome (e.g. passive grating viewing).,5,Binary 0/1 when present; non-binary legacy is validation violation.
metadata_field,session_dir,trialInfo.csv,dataset_specific,N/A,optional,if_datatype_present:trialInfo,NWBFile/intervals/trials,custom_columns,,,str,Preserve unlisted trial columns; duplicate event columns use _1 _2 suffix pattern.,5,One generic row.
