start_time__s,stop_time__s,stimulus_onset__s,stimulus_offset__s,tone_frequency__Hz,tone_intensity__dB,reaction_time__s,output,correct,tone_idx,trial_type,laser,prev_trial_type
10.982,16.982,11.602,12.102,4,35,NaN,no_press,1,4,cr,0,
17.122,23.122,17.802,18.302,12,35,0.2097,press,1,8,hit,0,cr
23.6366,29.6366,24.1566,24.6566,12,25,0.1805,press,1,7,hit,0,hit
29.8735,35.8735,30.6735,31.1735,4,5,0.5264,press,0,1,fa,0,hit
35.8656,41.8656,36.6556,37.1556,12,5,NaN,no_press,0,5,miss,0,fa
42.6962,48.6962,43.1562,43.6562,12,15,0.3646,press,1,6,hit,0,miss
47.965,53.965,48.335,48.835,4,15,NaN,no_press,1,2,cr,0,hit
53.931,59.931,54.861,55.361,4,25,NaN,no_press,1,3,cr,0,cr
60.3232,66.3232,61.0332,61.5332,12,35,0.1845,press,1,8,hit,0,cr
65.6604,71.6604,66.3104,66.8104,4,15,NaN,no_press,1,2,cr,0,hit
71.7775,77.7775,72.2775,72.7775,12,15,0.1597,press,1,6,hit,0,cr
76.8547,82.8547,77.4347,77.9347,4,35,NaN,no_press,1,4,cr,0,hit
84.1969,90.1969,84.9269,85.4269,4,5,NaN,no_press,1,1,cr,0,cr
92.1489,98.1489,92.7289,93.2289,4,25,NaN,no_press,1,3,cr,0,cr
98.3651,104.3651,99.2051,99.7051,NaN,25,NaN,,-1,,early_press,0,cr
100.4064,106.4064,101.1964,101.6964,12,5,0.2179,press,1,5,hit,0,early_press
105.8266,111.8266,106.4366,106.9366,12,35,0.1951,press,1,8,hit,0,hit
111.0838,117.0838,111.9038,112.4038,NaN,35,NaN,,-1,,early_press,0,hit
113.463,119.463,114.223,114.723,12,25,0.1996,press,1,7,hit,0,early_press
118.8355,124.8355,119.5655,120.0655,4,5,NaN,no_press,1,1,cr,0,hit
125.0264,131.0264,125.7664,126.2664,12,5,NaN,no_press,0,5,miss,0,cr
130.9945,136.9945,131.7245,132.2245,4,15,NaN,no_press,1,2,cr,0,miss
137.175,143.175,137.745,138.245,12,15,0.2415,press,1,6,hit,0,cr
142.4047,148.4047,143.2747,143.7747,4,25,NaN,no_press,1,3,cr,0,hit
151.444,157.444,151.884,152.384,4,25,0.2927,press,0,3,fa,0,cr
156.8174,162.8174,157.3974,157.8974,12,25,0.2014,press,1,7,hit,0,fa
162.0329,168.0329,162.4429,162.9429,12,15,0.3762,press,1,6,hit,0,hit
167.2277,173.2277,167.7277,168.2277,4,5,NaN,no_press,1,1,cr,0,hit
173.1767,179.1767,173.7667,174.2667,4,15,NaN,no_press,1,2,cr,0,cr
179.2088,185.2088,179.9988,180.4988,4,35,NaN,no_press,1,4,cr,0,cr
185.4478,191.4478,186.1978,186.6978,12,5,NaN,no_press,0,5,miss,0,cr
192.2367,198.2367,192.7167,193.2167,12,35,0.1445,press,1,8,hit,0,miss
197.3116,203.3116,197.7616,198.2616,12,5,NaN,no_press,0,5,miss,0,hit
203.6398,209.6398,204.2498,204.7498,4,25,NaN,no_press,1,3,cr,0,miss
210.0715,216.0715,210.8615,211.3615,4,5,NaN,no_press,1,1,cr,0,cr
216.3093,222.3093,216.6493,217.1493,12,15,0.2855,press,1,6,hit,0,cr
221.3791,227.3791,222.3491,222.8491,4,35,NaN,no_press,1,4,cr,0,hit
227.8048,233.8048,228.3748,228.8748,4,15,NaN,no_press,1,2,cr,0,cr
233.8329,239.8329,234.6729,235.1729,12,35,0.193,press,1,8,hit,0,cr
239.271,245.271,239.731,240.231,12,25,0.2212,press,1,7,hit,0,hit
244.3742,250.3742,244.9142,245.4142,4,35,NaN,no_press,1,4,cr,0,hit
250.3609,256.3609,251.0009,251.5009,12,15,NaN,no_press,0,6,miss,0,cr
256.2322,262.2322,256.9022,257.4022,4,15,NaN,no_press,1,2,cr,0,miss
262.3419,268.3419,263.0919,263.5919,12,5,0.4158,press,1,5,hit,0,cr
267.9415,273.9415,268.5615,269.0615,4,5,NaN,no_press,1,1,cr,0,hit
274.0119,280.0119,274.4019,274.9019,4,25,NaN,no_press,1,3,cr,0,cr
280.7961,286.7961,281.3461,281.8461,12,35,0.1305,press,1,8,hit,0,cr
285.8907,291.8907,286.6507,287.1507,12,25,0.2363,press,1,7,hit,0,hit
291.3384,297.3384,292.0484,292.5484,4,15,NaN,no_press,1,2,cr,0,hit
297.5,303.5,298.28,298.78,NaN,35,NaN,,-1,,early_press,0,cr
299.8813,305.8813,300.7013,301.2013,4,5,NaN,no_press,1,1,cr,0,early_press
306.1714,312.1714,306.8914,307.3914,12,5,0.4836,press,1,5,hit,0,cr
311.8146,317.8146,312.7346,313.2346,NaN,35,NaN,,-1,,early_press,0,hit
315.6624,321.6624,316.3724,316.8724,12,25,0.1405,press,1,7,hit,0,early_press
322.6984,328.6984,323.3884,323.8884,4,25,NaN,no_press,1,3,cr,0,hit
330.3012,336.3012,330.9412,331.4412,12,15,0.2207,press,1,6,hit,0,cr
335.5811,341.5811,336.3411,336.8411,4,25,NaN,no_press,1,3,cr,0,hit
342.4997,348.4997,342.9797,343.4797,12,5,0.2418,press,1,5,hit,0,cr
347.6487,353.6487,348.4887,348.9887,12,15,0.2981,press,1,6,hit,0,hit
353.2146,359.2146,353.7946,354.2946,4,35,0.1754,press,0,4,fa,0,hit
358.63,364.63,359.07,359.57,12,35,0.1434,press,1,8,hit,0,fa
363.6539,369.6539,364.2739,364.7739,12,25,0.1836,press,1,7,hit,0,hit
368.8904,374.8904,369.1604,369.6604,4,5,NaN,no_press,1,1,cr,0,hit
376.4043,382.4043,377.0743,377.5743,4,15,0.1307,press,0,2,fa,0,cr
381.8583,387.8583,382.4183,382.9183,12,35,0.1493,press,1,8,hit,0,fa
387.0032,393.0032,387.8732,388.3732,12,25,0.3812,press,1,7,hit,0,hit
392.678,398.678,393.348,393.848,4,25,NaN,no_press,1,3,cr,0,hit
398.8084,404.8084,399.5584,400.0584,4,35,NaN,no_press,1,4,cr,0,cr
405.0181,411.0181,405.6081,406.1081,12,5,NaN,no_press,0,5,miss,0,cr
410.836,416.836,411.496,411.996,4,5,NaN,no_press,1,1,cr,0,miss
416.9497,422.9497,417.6997,418.1997,12,15,0.364,press,1,6,hit,0,cr
425.1497,431.1497,425.7397,426.2397,4,15,NaN,no_press,1,2,cr,0,hit
431.1919,437.1919,431.9919,432.4919,12,15,0.2172,press,1,6,hit,0,cr
436.6339,442.6339,437.2439,437.7439,4,15,NaN,no_press,1,2,cr,0,hit
442.6959,448.6959,443.3159,443.8159,4,35,NaN,no_press,1,4,cr,0,cr
449.2884,455.2884,449.9784,450.4784,12,35,0.3228,press,1,8,hit,0,cr
454.7309,460.7309,455.1709,455.6709,4,5,NaN,no_press,1,1,cr,0,hit
460.6247,466.6247,461.4047,461.9047,4,25,NaN,no_press,1,3,cr,0,cr
466.8773,472.8773,467.4773,467.9773,12,5,NaN,no_press,0,5,miss,0,cr
472.6956,478.6956,473.2356,473.7356,12,25,0.2502,press,1,7,hit,0,miss
477.9079,483.9079,478.5479,479.0479,12,25,0.2282,press,1,7,hit,0,hit
483.197,489.197,483.447,483.947,12,35,0.3407,press,1,8,hit,0,hit
489.154,495.154,489.824,490.324,4,35,NaN,no_press,1,4,cr,0,hit
495.2772,501.2772,495.8272,496.3272,4,5,NaN,no_press,1,1,cr,0,cr
501.2734,507.2734,502.0334,502.5334,12,5,NaN,no_press,0,5,miss,0,cr
508.8802,514.8802,509.7002,510.2002,12,15,0.3956,press,1,6,hit,0,miss
514.5265,520.5265,515.1965,515.6965,4,15,NaN,no_press,1,2,cr,0,hit
520.645,526.645,521.225,521.725,4,25,NaN,no_press,1,3,cr,0,cr
526.6865,532.6865,527.2865,527.7865,12,5,NaN,no_press,0,5,miss,0,cr
532.5079,538.5079,533.0179,533.5179,4,25,NaN,no_press,1,3,cr,0,miss
538.4695,544.4695,539.0495,539.5495,12,35,0.1846,press,1,8,hit,0,cr
545.2296,551.2296,546.0096,546.5096,4,5,NaN,no_press,1,1,cr,0,hit
557.0627,563.0627,557.9427,558.4427,12,25,0.2753,press,1,7,hit,0,cr
564.1617,570.1617,564.9417,565.4417,4,35,0.4872,press,0,4,fa,0,hit
570.0785,576.0785,570.4885,570.9885,12,15,0.4487,press,1,6,hit,0,fa
575.3615,581.3615,576.0415,576.5415,4,15,NaN,no_press,1,2,cr,0,hit
581.5425,587.5425,582.4225,582.9225,4,25,NaN,no_press,1,3,cr,0,cr
587.8765,593.8765,588.2965,588.7965,12,35,0.1432,press,1,8,hit,0,cr
592.8755,598.8755,593.7355,594.2355,12,25,0.3254,press,1,7,hit,0,hit
598.5007,604.5007,599.0307,599.5307,4,35,NaN,no_press,1,4,cr,0,hit
604.4943,610.4943,605.2943,605.7943,12,15,0.0809,press,1,6,hit,0,cr
610.6204,616.6204,611.2904,611.7904,4,15,NaN,no_press,1,2,cr,0,hit
616.7742,622.7742,617.3242,617.8242,12,5,NaN,no_press,0,5,miss,0,cr
622.5545,628.5545,622.9945,623.4945,4,5,NaN,no_press,1,1,cr,0,miss
628.4477,634.4477,629.0377,629.5377,4,5,NaN,no_press,1,1,cr,0,cr
634.491,640.491,635.351,635.851,4,15,NaN,no_press,1,2,cr,0,cr
642.2047,648.2047,643.0747,643.5747,12,25,0.2844,press,1,7,hit,0,cr
648.0974,654.0974,648.5474,649.0474,12,15,NaN,no_press,0,6,miss,0,hit
653.7814,659.7814,654.3814,654.8814,12,5,NaN,no_press,0,5,miss,0,miss
659.6095,665.6095,660.4695,660.9695,12,35,0.1394,press,1,8,hit,0,miss
665.0414,671.0414,665.7914,666.2914,4,35,NaN,no_press,1,4,cr,0,hit
672.6446,678.6446,673.3846,673.8846,4,25,NaN,no_press,1,3,cr,0,cr
678.8367,684.8367,679.3867,679.8867,4,35,NaN,no_press,1,4,cr,0,cr
684.8396,690.8396,685.6096,686.1096,12,5,NaN,no_press,0,5,miss,0,cr
690.8453,696.8453,691.4553,691.9553,12,35,0.1619,press,1,8,hit,0,miss
696.0376,702.0376,696.4276,696.9276,4,15,NaN,no_press,1,2,cr,0,hit
701.8878,707.8878,702.4978,702.9978,4,5,NaN,no_press,1,1,cr,0,cr
707.965,713.965,708.655,709.155,12,25,0.2716,press,1,7,hit,0,cr
714.1633,720.1633,714.4633,714.9633,12,15,0.4735,press,1,6,hit,0,hit
720.7346,726.7346,721.3046,721.8046,4,25,NaN,no_press,1,3,cr,0,hit
726.7669,732.7669,727.4169,727.9169,4,5,NaN,no_press,1,1,cr,0,cr
732.864,738.864,733.434,733.934,4,25,NaN,no_press,1,3,cr,0,cr
738.8866,744.8866,739.5466,740.0466,12,35,0.1319,press,1,8,hit,0,cr
744.1066,750.1066,744.6766,745.1766,12,25,0.1866,press,1,7,hit,0,hit
749.2906,755.2906,749.8906,750.3906,12,15,0.3479,press,1,6,hit,0,hit
754.659,760.659,755.469,755.969,4,35,NaN,no_press,1,4,cr,0,hit
763.4694,769.4694,764.0194,764.5194,12,5,NaN,no_press,0,5,miss,0,cr
769.2386,775.2386,769.6386,770.1386,NaN,15,NaN,,-1,,early_press,0,miss
772.3193,778.3193,772.7993,773.2993,4,5,NaN,no_press,1,1,cr,0,early_press
778.2646,784.2646,778.7946,779.2946,12,5,NaN,no_press,0,5,miss,0,cr
784.019,790.019,784.729,785.229,4,15,NaN,no_press,1,2,cr,0,miss
790.1803,796.1803,790.8003,791.3003,12,35,0.1496,press,1,8,hit,0,cr
796.6458,802.6458,797.2158,797.7158,4,35,0.2818,press,0,4,fa,0,hit
802.1469,808.1469,802.7369,803.2369,12,25,0.3776,press,1,7,hit,0,fa
807.5332,813.5332,808.0932,808.5932,NaN,15,NaN,,-1,,early_press,0,hit
809.7665,815.7665,810.2865,810.7865,4,25,NaN,no_press,1,3,cr,0,early_press
815.7355,821.7355,816.1955,816.6955,NaN,15,NaN,,-1,,early_press,0,cr
817.815,823.815,818.265,818.765,12,5,NaN,no_press,0,5,miss,0,early_press
831.924,837.924,832.204,832.704,12,25,0.3945,press,1,7,hit,0,miss
837.0316,843.0316,837.5816,838.0816,4,35,0.3323,press,0,4,fa,0,hit
842.5609,848.5609,843.2809,843.7809,4,25,NaN,no_press,1,3,cr,0,fa
848.7577,854.7577,849.5877,850.0877,12,35,0.1443,press,1,8,hit,0,cr
854.1531,860.1531,854.9231,855.4231,4,5,0.2735,press,0,1,fa,0,hit
859.8648,865.8648,860.4248,860.9248,12,15,0.5525,press,1,6,hit,0,fa
865.3964,871.3964,865.8864,866.3864,12,15,NaN,no_press,0,6,miss,0,hit
871.1225,877.1225,871.8825,872.3825,4,15,NaN,no_press,1,2,cr,0,miss
877.3333,883.3333,877.9333,878.4333,4,5,NaN,no_press,1,1,cr,0,cr
883.3972,889.3972,884.2472,884.7472,12,5,NaN,no_press,0,5,miss,0,cr
889.4753,895.4753,889.8953,890.3953,4,35,NaN,no_press,1,4,cr,0,miss
895.3495,901.3495,896.0295,896.5295,12,25,0.4633,press,1,7,hit,0,cr
900.9188,906.9188,901.5688,902.0688,4,25,NaN,no_press,1,3,cr,0,hit
907.0335,913.0335,907.7635,908.2635,12,35,0.1307,press,1,8,hit,0,cr
913.4287,919.4287,913.8987,914.3987,12,25,0.1948,press,1,7,hit,0,hit
918.8709,924.8709,919.5109,920.0109,12,35,0.1313,press,1,8,hit,0,hit
924.1036,930.1036,925.0836,925.5836,4,25,NaN,no_press,1,3,cr,0,hit
930.5385,936.5385,931.3285,931.8285,4,5,NaN,no_press,1,1,cr,0,cr
936.7788,942.7788,937.4488,937.9488,4,15,NaN,no_press,1,2,cr,0,cr
942.9052,948.9052,943.5452,944.0452,12,15,0.4122,press,1,6,hit,0,cr
948.3771,954.3771,948.9971,949.4971,4,35,NaN,no_press,1,4,cr,0,hit
954.4578,960.4578,955.2878,955.7878,12,5,NaN,no_press,0,5,miss,0,cr
960.5081,966.5081,961.2581,961.7581,4,35,NaN,no_press,1,4,cr,0,miss
967.1006,973.1006,967.8606,968.3606,12,5,NaN,no_press,0,5,miss,0,cr
973.0807,979.0807,973.6507,974.1507,12,25,0.1515,press,1,7,hit,0,miss
978.2316,984.2316,978.9916,979.4916,4,15,NaN,no_press,1,2,cr,0,hit
984.4426,990.4426,984.9026,985.4026,12,35,0.1522,press,1,8,hit,0,cr
989.4965,995.4965,990.1165,990.6165,4,25,0.4557,press,0,3,fa,0,hit
995.2329,1001.2329,995.9229,996.4229,4,5,NaN,no_press,1,1,cr,0,fa
1001.3878,1007.3878,1002.0278,1002.5278,12,15,NaN,no_press,0,6,miss,0,cr
1007.2533,1013.2533,1007.7433,1008.2433,12,25,NaN,no_press,0,7,miss,0,miss
1012.979,1018.979,1013.599,1014.099,12,5,NaN,no_press,0,5,miss,0,miss
1018.8372,1024.8372,1019.6472,1020.1472,4,5,NaN,no_press,1,1,cr,0,miss
1025.0987,1031.0987,1025.5687,1026.0687,4,35,NaN,no_press,1,4,cr,0,cr
1031.0279,1037.0279,1031.5479,1032.0479,4,25,NaN,no_press,1,3,cr,0,cr
1037.0043,1043.0043,1037.4343,1037.9343,4,15,NaN,no_press,1,2,cr,0,cr
1042.8808,1048.8808,1043.6308,1044.1308,12,35,0.3635,press,1,8,hit,0,cr
1048.4249,1054.4249,1049.0349,1049.5349,12,15,NaN,no_press,0,6,miss,0,hit
1054.2593,1060.2593,1055.0193,1055.5193,4,35,NaN,no_press,1,4,cr,0,miss
1060.4751,1066.4751,1061.1851,1061.6851,4,15,NaN,no_press,1,2,cr,0,cr
1066.6275,1072.6275,1067.1275,1067.6275,12,15,NaN,no_press,0,6,miss,0,cr
1072.931,1078.931,1073.701,1074.201,12,25,0.3564,press,1,7,hit,0,miss
1078.4944,1084.4944,1079.1944,1079.6944,12,5,NaN,no_press,0,5,miss,0,hit
1084.4228,1090.4228,1085.2328,1085.7328,4,25,NaN,no_press,1,3,cr,0,miss
1090.7002,1096.7002,1091.2602,1091.7602,12,35,0.1433,press,1,8,hit,0,cr
1095.8256,1101.8256,1096.6856,1097.1856,4,5,NaN,no_press,1,1,cr,0,hit
1104.9034,1110.9034,1105.4834,1105.9834,4,25,NaN,no_press,1,3,cr,0,cr
1110.9427,1116.9427,1111.5727,1112.0727,12,15,NaN,no_press,0,6,miss,0,cr
1116.8023,1122.8023,1117.4123,1117.9123,4,35,NaN,no_press,1,4,cr,0,miss
1122.862,1128.862,1123.682,1124.182,12,35,0.1685,press,1,8,hit,0,cr
1128.2717,1134.2717,1129.1017,1129.6017,12,25,NaN,no_press,0,7,miss,0,hit
1134.3329,1140.3329,1134.9329,1135.4329,12,5,NaN,no_press,0,5,miss,0,miss
1140.1726,1146.1726,1140.8526,1141.3526,4,5,NaN,no_press,1,1,cr,0,miss
1146.3261,1152.3261,1146.8261,1147.3261,4,15,NaN,no_press,1,2,cr,0,cr
1152.3022,1158.3022,1152.8022,1153.3022,12,25,NaN,no_press,0,7,miss,0,cr
1158.0564,1164.0564,1158.7664,1159.2664,4,35,NaN,no_press,1,4,cr,0,miss
1164.2222,1170.2222,1164.8022,1165.3022,4,5,NaN,no_press,1,1,cr,0,cr
1170.255,1176.255,1171.275,1171.775,12,5,NaN,no_press,0,5,miss,0,cr
1176.4953,1182.4953,1177.4053,1177.9053,4,25,NaN,no_press,1,3,cr,0,miss
1182.8605,1188.8605,1183.4705,1183.9705,12,15,NaN,no_press,0,6,miss,0,cr
1188.7316,1194.7316,1189.6416,1190.1416,4,15,NaN,no_press,1,2,cr,0,miss
1195.102,1201.102,1195.732,1196.232,12,35,0.3668,press,1,8,hit,0,cr
1200.5151,1206.5151,1201.0951,1201.5951,4,5,NaN,no_press,1,1,cr,0,hit
1206.5667,1212.5667,1207.1367,1207.6367,12,25,0.5357,press,1,7,hit,0,cr
1212.0918,1218.0918,1212.7918,1213.2918,4,25,NaN,no_press,1,3,cr,0,hit
1218.2702,1224.2702,1218.7802,1219.2802,12,35,0.1603,press,1,8,hit,0,cr
1223.362,1229.362,1223.692,1224.192,4,15,NaN,no_press,1,2,cr,0,hit
1229.1673,1235.1673,1229.6873,1230.1873,12,5,NaN,no_press,0,5,miss,0,cr
1234.916,1240.916,1235.676,1236.176,NaN,15,NaN,,-1,,early_press,0,miss
1236.6923,1242.6923,1237.1423,1237.6423,4,35,NaN,no_press,1,4,cr,0,early_press
1242.5908,1248.5908,1243.4608,1243.9608,12,15,NaN,no_press,0,6,miss,0,cr
1249.8475,1255.8475,1250.4375,1250.9375,4,15,NaN,no_press,1,2,cr,0,miss
1255.9035,1261.9035,1256.7535,1257.2535,4,5,NaN,no_press,1,1,cr,0,cr
1262.1979,1268.1979,1262.6779,1263.1779,12,25,0.3533,press,1,7,hit,0,cr
1271.4291,1277.4291,1272.0691,1272.5691,4,25,NaN,no_press,1,3,cr,0,hit
1277.5335,1283.5335,1278.5435,1279.0435,4,35,NaN,no_press,1,4,cr,0,cr
1284.0015,1290.0015,1284.6315,1285.1315,12,5,NaN,no_press,0,5,miss,0,cr
1290.9807,1296.9807,1291.5207,1292.0207,12,35,0.17,press,1,8,hit,0,miss
1296.1116,1302.1116,1296.9516,1297.4516,12,15,NaN,no_press,0,6,miss,0,hit
1302.1732,1308.1732,1302.7932,1303.2932,4,5,NaN,no_press,1,1,cr,0,miss
1308.2514,1314.2514,1308.8614,1309.3614,4,25,NaN,no_press,1,3,cr,0,cr
1314.3129,1320.3129,1314.7729,1315.2729,12,5,NaN,no_press,0,5,miss,0,cr
1320.0262,1326.0262,1320.6362,1321.1362,12,25,0.3487,press,1,7,hit,0,miss
1325.4004,1331.4004,1326.0804,1326.5804,12,35,0.1407,press,1,8,hit,0,hit
1330.6584,1336.6584,1331.1984,1331.6984,4,35,NaN,no_press,1,4,cr,0,hit
1336.6482,1342.6482,1337.0982,1337.5982,4,15,NaN,no_press,1,2,cr,0,cr
1342.5434,1348.5434,1343.2334,1343.7334,12,15,NaN,no_press,0,6,miss,0,cr
1348.4574,1354.4574,1349.0274,1349.5274,4,5,NaN,no_press,1,1,cr,0,miss
1354.4811,1360.4811,1355.0011,1355.5011,4,25,NaN,no_press,1,3,cr,0,cr
1360.4806,1366.4806,1361.0506,1361.5506,12,5,NaN,no_press,0,5,miss,0,cr
1367.3995,1373.3995,1368.1795,1368.6795,4,35,NaN,no_press,1,4,cr,0,miss
1373.6266,1379.6266,1374.5166,1375.0166,12,25,NaN,no_press,0,7,miss,0,cr
1379.7531,1385.7531,1380.4131,1380.9131,4,15,NaN,no_press,1,2,cr,0,miss
1385.8691,1391.8691,1386.3191,1386.8191,12,35,0.2428,press,1,8,hit,0,cr
1390.991,1396.991,1391.451,1391.951,12,5,NaN,no_press,0,5,miss,0,hit
1396.6775,1402.6775,1397.4875,1397.9875,12,35,0.1563,press,1,8,hit,0,miss
1402.0724,1408.0724,1402.7324,1403.2324,4,35,NaN,no_press,1,4,cr,0,hit
1408.1757,1414.1757,1408.7457,1409.2457,4,25,NaN,no_press,1,3,cr,0,cr
1414.1962,1420.1962,1415.0562,1415.5562,4,5,NaN,no_press,1,1,cr,0,cr
1421.7873,1427.7873,1422.3773,1422.8773,4,15,NaN,no_press,1,2,cr,0,cr
1426.3922,1432.3922,1426.8722,1427.3722,NaN,25,NaN,,-1,,early_press,0,cr
